CheepID,Location,Author,Observation,Timestamp
1227192276,Lego City,lassevinding,A man has been spotted,1789577953
419723091,Jægerspris,lassevinding,Seje mennesker,1789583617
2087973038,Fyrtårnet,ander,Heron,1789835340
319138835,word,lassevinding,Text,1789919552
2001714036,farm,lassevinding,i saw a goat,1790336439
1258724184,Taastrup,lassevinding,Mikkel skider,1790336439
1, Zoo, lassevinding, jeg så en pink fugl, 1790336420
2059451750,Taastrup,jacob,Mikkel skider,1790516088
326317802,Taastrup,jacob,Mikkel skider,1790516482
1515838697,farm,jacob,i saw a goat,1790516482
275270180,Taastrup,jacob,Mikkel skider,1790522072
745330206,Taastrup,Mikkel skider,jacob,1790533102
697596596,Taastrup,Mikkel skider,jacob,1790533140
